,,,,,,,,,,,,,,,,,,,,,,,,,,
,,,,,,,,,,,,,,,,,,,,,,,,,,
AER Well Report,,,,,,,,,,,,,,,,,,,,,,,,,,
,,,,,,,,,,,,,,,,,,,,,,,,,,
WELL ID,,LICENSE #,"LICENSE
DATE",,WELL NAME,LICENSEE,OPERATOR,"SURFACE
LOCATION","LICENSE
STATUS","LICENSE
STATUS
DATE","SPUD
DATE","RIG
RELEASE DATE","FINAL
DRILL
DATE",ON PROD DATE,"WELL
STATUS","ABANDON
DATE","LAST
PROD
DATE","LAST
INJECTION
DATE","SURFACE 
OFFSETS","SURFACE
LATITUDE","SURFACE
LONGITUDE","DOWNHOLE
LATITUDE","DOWNHOLE
LONGITUDE","H2S
(%)","POOL
(Production Control)",SCVF
102 / 07-31-051-17 W5 / 0,,0239709,"Jul 14, 2000",,SOC EDSON 7-31-51-17                ,ALPHABOW ENERGY LTD.,ALPHABOW ENERGY LTD.,10-31-051-17W5M,Issued      ,"Jul 14, 2000","Aug 2, 2000","Aug 28, 2000","Aug 24, 2000","Jan 18, 2001",GAS PUMP,,"Dec 1, 2022",,S 764.6 W 487.1,53.446928,-116.490294,53.446367,-116.490437,,COMMINGLED POOL 011,NO
100 / 15-22-052-16 W5 / 0,,0044453,"Nov 7, 1972",,SOC EDSON 15-22-52-16               ,ALPHABOW ENERGY LTD.,ALPHABOW ENERGY LTD.,15-22-052-16W5M,Issued      ,"Nov 7, 1972","Jan 16, 1973",,"Jan 28, 1973","Mar 1, 1973",CR-OIL PUMP,,"Mar 1, 2023",,S 243.5 W 560.2,53.509812,-116.270492,53.509812,-116.270492,,CARDIUM B,YES
100 / 10-05-052-17 W5 / 0,,0051254,"Sep 25, 1974",,SOC EDSON 10-5-52-17                ,ALPHABOW ENERGY LTD.,,10-05-052-17W5M,Suspension  ,"Dec 12, 2006","Nov 1, 1974",,"Dec 3, 1974","Feb 7, 1975",GAS ABZONE,,"Nov 1, 1985",,S 594.7 W 648,53.463156,-116.468164,53.463156,-116.468164,,COMMINGLED POOL 018,NO
102 / 06-21-052-17 W5 / 0,,0206894,"Oct 3, 1997",,SOC EDSON 6-21-52-17                ,ALPHABOW ENERGY LTD.,ALPHABOW ENERGY LTD.,06-21-052-17W5M,Issued      ,"Oct 3, 1997","Oct 8, 1997","Nov 6, 1997","Oct 29, 1997","Feb 18, 1998",GAS PUMP,,"Aug 1, 2023",,N 521.3 E 609.9,53.502274,-116.448903,53.502274,-116.448903,,COMMINGLED POOL 005,NO
100 / 09-12-052-18 W5 / 0,,0038091,"Apr 22, 1970",,SOC EDSON 9-12-52-18                ,ALPHABOW ENERGY LTD.,PEYTO EXPLORATION & DEVELOPMENT CORP.,09-12-052-18W5M,Issued      ,"Apr 22, 1970","Jun 13, 1970",,"Jul 6, 1970","Feb 21, 1971",GAS SUSP,,"Apr 1, 1995",,S 503.2 W 201.5,53.478371,-116.51055,53.478371,-116.51055,3.29,COMMINGLED POOL 018,NO
100 / 09-12-052-18 W5 / 2,,0038091,"Apr 22, 1970",,SOC EDSON 9-12-52-18                ,ALPHABOW ENERGY LTD.,ALPHABOW ENERGY LTD.,09-12-052-18W5M,Issued      ,"Apr 22, 1970","Jun 13, 1970",,"Jul 6, 1970","Nov 26, 2000",GAS SUSP,,"Mar 1, 2017",,S 503.2 W 201.5,53.478371,-116.51055,53.478371,-116.51055,,UPPER MANNVILLE C,NO
100 / 08-07-053-18 W5 / 0,,0151491,"Jan 23, 1992",,SOC EDSON 8-7-53-18                 ,ALPHABOW ENERGY LTD.,OBSIDIAN ENERGY LTD.,08-07-053-18W5M,Issued      ,"Jan 23, 1992","Feb 2, 1992","Feb 25, 1992","Feb 20, 1992","Apr 9, 1992",CR-OIL SUSP,,"Jul 1, 1999",,N 450 W 200,53.559786,-116.633361,53.559786,-116.633361,,SECOND WHITE SPECKS C,NO
100 / 08-07-053-18 W5 / 2,,0151491,"Jan 23, 1992",,SOC EDSON 8-7-53-18                 ,ALPHABOW ENERGY LTD.,ALPHABOW ENERGY LTD.,08-07-053-18W5M,Issued      ,"Jan 23, 1992","Feb 2, 1992","Feb 25, 1992","Feb 20, 1992","Oct 21, 2000",CR-OIL FLOW,,"Aug 1, 2023",,N 450 W 200,53.559786,-116.633361,53.559786,-116.633361,,CARDIUM OOO,NO
102 / 10-07-053-18 W5 / 0,,0149762,"Aug 15, 1991",,SOC EDSON 10-7-53-18                ,ALPHABOW ENERGY LTD.,ALPHABOW ENERGY LTD.,10-07-053-18W5M,Issued      ,"Aug 15, 1991","Aug 20, 1991","Sep 5, 1991","Aug 29, 1991","Oct 4, 1991",GAS SUSP,,"Apr 1, 2021",,S 596 W 652.3,53.564831,-116.640184,53.564831,-116.640184,,SECOND WHITE SPECKS C,NO
100 / 10-36-053-18 W5 / 2,,0259201,"Sep 4, 2001",,SOC EDSON 10-36-53-18               ,ALPHABOW ENERGY LTD.,ALPHABOW ENERGY LTD.,10-36-053-18W5M,Issued      ,"Sep 4, 2001","Sep 7, 2001","Sep 10, 2001","Sep 9, 2001","Jan 1, 2002",CR-OIL PUMP,,"Dec 1, 2020",,S 482.1 W 478.4,53.623859,-116.514957,53.623859,-116.514957,,CARDIUM T,NO
100 / 04-06-053-19 W5 / 0,,0252239,"Feb 28, 2001",,SOC EDSON 4-6-53-19                 ,ALPHABOW ENERGY LTD.,ALPHABOW ENERGY LTD.,13-31-052-19W5M,Issued      ,"Feb 28, 2001","Mar 23, 2001","Apr 15, 2001","Apr 13, 2001","Nov 5, 2001",GAS FLOW,,"Aug 1, 2023",,S 251.4 E 55,53.538825,-116.80116,53.544442,-116.796575,,COMMINGLED MFP9529,NO
100 / 12-06-053-19 W5 / 0,,0377772,"Jun 5, 2007",,SOC EDSON 12-6-53-19                ,ALPHABOW ENERGY LTD.,ALPHABOW ENERGY LTD.,07-01-053-20W5M,Issued      ,"Jun 5, 2007","Aug 16, 2007","Aug 30, 2007","Aug 27, 2007","Dec 18, 2007",CR-OIL PUMP,,"Jul 1, 2023",,N 495.3 W 414.4,53.545711,-116.808535,53.54881,-116.798458,,CARDIUM F2F,NO
100 / 05-22-053-19 W5 / 0,,0422272,"Jul 29, 2010",,SOC EDSON 5-22-53-19                ,ALPHABOW ENERGY LTD.,ALPHABOW ENERGY LTD.,01-22-053-19W5M,Issued      ,"Jul 29, 2010","Aug 7, 2010","Sep 7, 2010","Sep 5, 2010","Feb 7, 2012",GAS SUSP,,"Jan 1, 2018",,N 216.5 W 70,53.586789,-116.705124,53.591985,-116.723669,,COMMINGLED MFP9529,NO
100 / 02-19-053-20 W5 / 0,,0251378,"Feb 15, 2001",,SOC ANSELL 2-19-53-20               ,ALPHABOW ENERGY LTD.,CANADIAN NATURAL RESOURCES LIMITED,02-19-053-20W5M,Issued      ,"Feb 15, 2001","Feb 21, 2001","Mar 15, 2001","Mar 13, 2001","Nov 26, 2001",GAS SUSP,,"Dec 1, 2023",,N 283.4 W 572.2,53.587368,-116.933746,53.587045,-116.93435,,COMMINGLED MFP9529,YES
100 / 11-19-053-20 W5 / 0,,0407490,"Jan 8, 2009",,SOC ANSELL 11-19-53-20              ,ALPHABOW ENERGY LTD.,CANADIAN NATURAL RESOURCES LIMITED,08-19-053-20W5M,Amended     ,"May 14, 2009","Jan 16, 2009","Feb 12, 2009","Feb 9, 2009","Apr 24, 2009",GAS SUSP,,"Dec 1, 2023",,N 758.7 W 296.6,53.591633,-116.929573,53.594921,-116.938031,,COMMINGLED MFP9529,NO
100 / 16-19-053-20 W5 / 0,,0366084,"Nov 15, 2006",,SOC ANSELL 16-19-53-20              ,ALPHABOW ENERGY LTD.,CANADIAN NATURAL RESOURCES LIMITED,09-19-053-20W5M,Issued      ,"Nov 15, 2006","Jan 16, 2007","Jan 30, 2007","Jan 30, 2007","Apr 26, 2007",GAS SUSP,,"Dec 1, 2023",,S 801 W 333.5,53.592095,-116.93013,53.597146,-116.928837,,COMMINGLED MFP9529,NO
100 / 02-06-054-18 W5 / 3,,0291030,"Aug 8, 2003",,SOC EDSON 2-6-54-18                 ,ALPHABOW ENERGY LTD.,ALPHABOW ENERGY LTD.,02-06-054-18W5M,Suspension  ,"Sep 30, 2010","Aug 5, 2003","Aug 15, 2003","Aug 15, 2003","Sep 1, 2003",GAS SUSP,,"Sep 1, 2009",,N 345.3 W 550.8,53.631645,-116.638701,53.631645,-116.638701,,UPPER MANNVILLE M,NO
100 / 07-22-054-18 W5 / 3,,0253670,"Apr 4, 2001",,SOC EDSON 7-22-54-18                ,ALPHABOW ENERGY LTD.,ALPHABOW ENERGY LTD.,07-22-054-18W5M,Issued      ,"Apr 4, 2001","Jun 12, 2001","Jun 20, 2001","Jun 15, 2001","Aug 1, 2001",CR-OIL SUSP,,"Oct 1, 2016",,N 555 W 424.8,53.676994,-116.563194,53.676994,-116.563194,,COMMINGLED POOL 001,NO
100 / 16-22-054-18 W5 / 2,,0234232,"Feb 25, 2000",,SOC EDSON 16-22-54-18               ,ALPHABOW ENERGY LTD.,ALPHABOW ENERGY LTD.,16-22-054-18W5M,Suspension  ,"Apr 11, 2021","Mar 1, 2000","Mar 27, 2000","Mar 18, 2000","Aug 1, 2000",CR-OIL SUSP,,"Oct 1, 2016",,S 345.3 W 353.8,53.683401,-116.562127,53.683401,-116.562127,,COMMINGLED POOL 001,NO
100 / 08-28-054-18 W5 / 0,,0410555,"May 22, 2009",,SOC PINE CK 8-28-54-18              ,ALPHABOW ENERGY LTD.,ALPHABOW ENERGY LTD.,09-28-054-18W5M,Issued      ,"May 22, 2009","Jun 11, 2009","Jun 28, 2009","Jun 28, 2009","Aug 12, 2009",GAS FLOW,,"Sep 1, 2023",,S 499.9 W 60,53.696707,-116.582263,53.690461,-116.587205,,CARDIUM PP,NO
100 / 15-28-054-18 W5 / 0,,0087554,"Dec 9, 1980",,SOC PINE CK 15-28-54-18             ,ALPHABOW ENERGY LTD.,ALPHABOW ENERGY LTD.,15-28-054-18W5M,Issued      ,"Dec 9, 1980","Dec 21, 1980",,"Jan 11, 1981","Dec 11, 1981",CR-OIL PUMP,,"Sep 1, 2023",,S 245 W 499.8,53.698991,-116.588917,53.698991,-116.588917,,COMMINGLED POOL 005,NO
100 / 02-30-054-18 W5 / 0,,0163716,"Jan 5, 1994",,SOC PINE CK 2-30-54-18              ,ALPHABOW ENERGY LTD.,,02-30-054-18W5M,Issued      ,"Jan 5, 1994","Jan 18, 1994","Feb 12, 1994","Feb 7, 1994",,DRL&C,,,,N 356.2 W 748.9,53.689942,-116.64182,53.689942,-116.64182,0,,NO
100 / 02-30-054-18 W5 / 2,,0163716,"Jan 5, 1994",,SOC PINE CK 2-30-54-18              ,ALPHABOW ENERGY LTD.,ALPHABOW ENERGY LTD.,02-30-054-18W5M,Issued      ,"Jan 5, 1994","Jan 18, 1994","Feb 12, 1994","Feb 7, 1994","Jul 7, 1994",GAS PUMP,,"Aug 1, 2022",,N 356.2 W 748.9,53.689942,-116.64182,53.689942,-116.64182,0,COMMINGLED POOL 004,NO
100 / 02-30-054-18 W5 / 3,,0163716,"Jan 5, 1994",,SOC PINE CK 2-30-54-18              ,ALPHABOW ENERGY LTD.,,02-30-054-18W5M,Issued      ,"Jan 5, 1994","Jan 18, 1994","Feb 12, 1994","Feb 7, 1994",,DRL&C,,,,N 356.2 W 748.9,53.689942,-116.64182,53.689942,-116.64182,,,NO
100 / 02-30-054-18 W5 / 4,,0163716,"Jan 5, 1994",,SOC PINE CK 2-30-54-18              ,ALPHABOW ENERGY LTD.,,02-30-054-18W5M,Issued      ,"Jan 5, 1994","Jan 18, 1994","Feb 12, 1994","Feb 7, 1994",,DRL&C,,,,N 356.2 W 748.9,53.689942,-116.64182,53.689942,-116.64182,,,NO
100 / 10-31-054-18 W5 / 0,,0087732,"Dec 18, 1980",,SOC PINE CK 10-31-54-18             ,ALPHABOW ENERGY LTD.,ALPHABOW ENERGY LTD.,10-31-054-18W5M,Issued      ,"Dec 18, 1980","Jan 3, 1981",,"Feb 2, 1981","Apr 2, 1981",CR-OIL PUMP,,"Jan 1, 2023",,S 458.8 W 484.8,53.711478,-116.637505,53.711478,-116.637505,,COMMINGLED POOL 005,NO
100 / 15-32-054-18 W5 / 0,,0091007,"Jun 30, 1981",,SOC PINE CK 15-32-54-18             ,ALPHABOW ENERGY LTD.,ALPHABOW ENERGY LTD.,15-32-054-18W5M,Issued      ,"Jun 30, 1981","Aug 15, 1981",,"Aug 29, 1981","Dec 31, 1981",CR-OIL PUMP,,"Aug 1, 2023",,S 300.4 W 551.3,53.712895,-116.614005,53.712895,-116.614005,,COMMINGLED POOL 005,NO
100 / 05-33-054-18 W5 / 0,,0083558,"Jun 18, 1980",,SOC PINE CK 5-33-54-18              ,ALPHABOW ENERGY LTD.,ALPHABOW ENERGY LTD.,05-33-054-18W5M,Issued      ,"Jun 18, 1980","Jul 13, 1980",,"Aug 6, 1980","Oct 20, 1980",CR-OIL PUMP,,"Aug 1, 2023",,N 418.8 E 295.8,53.70496,-116.601016,53.70496,-116.601016,,COMMINGLED POOL 005,NO
100 / 05-33-054-18 W5 / 2,,0083558,"Jun 18, 1980",,SOC PINE CK 5-33-54-18              ,ALPHABOW ENERGY LTD.,ALPHABOW ENERGY LTD.,05-33-054-18W5M,Issued      ,"Jun 18, 1980","Jul 13, 1980",,"Aug 6, 1980","Nov 7, 1980",CR-OIL SUSP,,"Jan 1, 1995",,N 418.8 E 295.8,53.70496,-116.601016,53.70496,-116.601016,,COMMINGLED POOL 005,NO
100 / 13-33-054-18 W5 / 0,,0078545,"Oct 11, 1979",,SOC PINE CK 13-33-54-18             ,ALPHABOW ENERGY LTD.,ALPHABOW ENERGY LTD.,13-33-054-18W5M,Issued      ,"Oct 11, 1979","Oct 26, 1979",,"Nov 17, 1979","Mar 19, 1980",CR-OIL PUMP,,"Aug 1, 2023",,S 243.5 E 251.1,53.713401,-116.601529,53.713401,-116.601529,,COMMINGLED POOL 005,NO
100 / 13-33-054-18 W5 / 2,,0078545,"Oct 11, 1979",,SOC PINE CK 13-33-54-18             ,ALPHABOW ENERGY LTD.,ALPHABOW ENERGY LTD.,13-33-054-18W5M,Issued      ,"Oct 11, 1979","Oct 26, 1979",,"Nov 17, 1979","Mar 23, 1980",CR-OIL SUSP,,"Jan 1, 1996",,S 243.5 E 251.1,53.713401,-116.601529,53.713401,-116.601529,,COMMINGLED POOL 005,NO
100 / 01-35-054-19 W5 / 0,,0208657,"Nov 18, 1997",,SOC PINE CK 1-35-54-19              ,ALPHABOW ENERGY LTD.,,01-35-054-19W5M,Issued      ,"Nov 18, 1997","Feb 25, 1998","Mar 16, 1998","Mar 12, 1998",,ABZONE,,,,N 117.7 W 173.3,53.702197,-116.681867,53.702197,-116.681867,,,NO
100 / 01-35-054-19 W5 / 2,,0208657,"Nov 18, 1997",,SOC PINE CK 1-35-54-19              ,ALPHABOW ENERGY LTD.,ALPHABOW ENERGY LTD.,01-35-054-19W5M,Issued      ,"Nov 18, 1997","Feb 25, 1998","Mar 16, 1998","Mar 12, 1998","Oct 1, 2000",CR-OIL PUMP,,"Jul 1, 2023",,N 117.7 W 173.3,53.702197,-116.681867,53.702197,-116.681867,,COMMINGLED POOL 003,NO
100 / 01-35-054-19 W5 / 3,,0208657,"Nov 18, 1997",,SOC PINE CK 1-35-54-19              ,ALPHABOW ENERGY LTD.,,01-35-054-19W5M,Issued      ,"Nov 18, 1997","Feb 25, 1998","Mar 16, 1998","Mar 12, 1998",,COMM,,,,N 117.7 W 173.3,53.702197,-116.681867,53.702197,-116.681867,,,NO
100 / 11-01-055-18 W5 / 0,,0083552,"Jun 18, 1980",,SOC EDSON 11-1-55-18                ,ALPHABOW ENERGY LTD.,,11-01-055-18W5M,Suspension  ,"Dec 2, 2009","Jul 9, 1980",,"Aug 9, 1980",,ABZONE,,,,S 520.7 E 432.8,53.725536,-116.546441,53.725536,-116.546441,,,NO
100 / 11-01-055-18 W5 / 2,,0083552,"Jun 18, 1980",,SOC EDSON 11-1-55-18                ,ALPHABOW ENERGY LTD.,ALPHABOW ENERGY LTD.,11-01-055-18W5M,Suspension  ,"Dec 2, 2009","Jul 9, 1980",,"Aug 9, 1980","Sep 24, 1981",CR-OIL SUSP,,"Nov 1, 2008",,S 520.7 E 432.8,53.725536,-116.546441,53.725536,-116.546441,,COMMINGLED POOL 003,NO
100 / 14-04-055-18 W5 / 0,,0077022,"Jul 20, 1979",,SOC PINE CK 14-4-55-18              ,ALPHABOW ENERGY LTD.,ALPHABOW ENERGY LTD.,14-04-055-18W5M,Issued      ,"Jul 20, 1979","Jul 26, 1979",,"Aug 8, 1979","Aug 21, 1979",CR-OIL PUMP,,"Aug 1, 2023",,S 250.6 E 560.4,53.727948,-116.618775,53.727948,-116.618775,,COMMINGLED POOL 005,NO
100 / 14-04-055-18 W5 / 2,,0077022,"Jul 20, 1979",,SOC PINE CK 14-4-55-18              ,ALPHABOW ENERGY LTD.,,14-04-055-18W5M,Issued      ,"Jul 20, 1979","Jul 26, 1979",,"Aug 8, 1979","Feb 4, 1980",COMM,,"Jan 1, 1995",,S 250.6 E 560.4,53.727948,-116.618775,53.727948,-116.618775,,COMMINGLED POOL 005,NO
100 / 16-05-055-18 W5 / 0,,0083017,"May 26, 1980",,SOC PINE CK 16-5-55-18              ,ALPHABOW ENERGY LTD.,ALPHABOW ENERGY LTD.,16-05-055-18W5M,Issued      ,"May 26, 1980","Jul 17, 1980",,"Aug 5, 1980","Aug 27, 1980",CR-OIL PUMP,,"Aug 1, 2023",,S 270.2 W 275.8,53.727772,-116.631757,53.727772,-116.631757,,COMMINGLED POOL 005,NO
100 / 16-05-055-18 W5 / 2,,0083017,"May 26, 1980",,SOC PINE CK 16-5-55-18              ,ALPHABOW ENERGY LTD.,,16-05-055-18W5M,Issued      ,"May 26, 1980","Jul 17, 1980",,"Aug 5, 1980","Sep 3, 1980",COMM,,"Jan 1, 1995",,S 270.2 W 275.8,53.727772,-116.631757,53.727772,-116.631757,,COMMINGLED POOL 005,NO
100 / 08-08-055-18 W5 / 0,,0076545,"Jun 25, 1979",,SOC PINE CK 8-8-55-18               ,ALPHABOW ENERGY LTD.,ALPHABOW ENERGY LTD.,08-08-055-18W5M,Issued      ,"Jun 25, 1979","Jun 30, 1979",,"Jul 15, 1979","Aug 5, 1979",CR-OIL PUMP,,"Aug 1, 2023",,N 487.2 W 317,53.73458,-116.632384,53.73458,-116.632384,,COMMINGLED POOL 005,NO
100 / 08-08-055-18 W5 / 2,,0076545,"Jun 25, 1979",,SOC PINE CK 8-8-55-18               ,ALPHABOW ENERGY LTD.,ALPHABOW ENERGY LTD.,08-08-055-18W5M,Issued      ,"Jun 25, 1979","Jun 30, 1979",,"Jul 15, 1979","Nov 8, 1979",CR-OIL SUSP,,"Oct 1, 1992",,N 487.2 W 317,53.73458,-116.632384,53.73458,-116.632384,,COMMINGLED POOL 005,NO
100 / 09-08-055-18 W5 / 0,,0397095,"Jun 2, 2008",,SOC PINE CK 9-8-55-18               ,ALPHABOW ENERGY LTD.,,09-08-055-18W5M,Suspension  ,"Jul 20, 2009","Jul 12, 2008","Jul 20, 2008","Jul 18, 2008",,DRL&C,,,,S 505.1 W 341.8,53.740127,-116.632743,53.740127,-116.632743,,,NO
100 / 14-08-055-18 W5 / 0,,0074331,"Feb 5, 1979",,SOC PINE CK 14-8-55-18              ,ALPHABOW ENERGY LTD.,ALPHABOW ENERGY LTD.,14-08-055-18W5M,Issued      ,"Feb 5, 1979","Feb 18, 1979",,"Mar 14, 1979","Aug 1, 1979",CR-OIL PUMP,,"Aug 1, 2023",,S 265.6 E 463.8,53.742258,-116.64493,53.742258,-116.64493,,COMMINGLED POOL 005,NO
100 / 14-08-055-18 W5 / 2,,0074331,"Feb 5, 1979",,SOC PINE CK 14-8-55-18              ,ALPHABOW ENERGY LTD.,,14-08-055-18W5M,Issued      ,"Feb 5, 1979","Feb 18, 1979",,"Mar 14, 1979","Oct 18, 1979",COMM,,"Nov 1, 2007",,S 265.6 E 463.8,53.742258,-116.64493,53.742258,-116.64493,,COMMINGLED POOL 005,NO
100 / 04-09-055-18 W5 / 0,,0072374,"Oct 12, 1978",,SOC PINE CK 4-9-55-18               ,ALPHABOW ENERGY LTD.,ALPHABOW ENERGY LTD.,04-09-055-18W5M,Issued      ,"Oct 12, 1978","Oct 24, 1978",,"Nov 10, 1978","Jan 1, 1979",CR-OIL SUSP,,"Apr 1, 1996",,N 253.3 E 287.2,53.73248,-116.622921,53.73248,-116.622921,,COMMINGLED POOL 005,NO
100 / 04-09-055-18 W5 / 2,,0072374,"Oct 12, 1978",,SOC PINE CK 4-9-55-18               ,ALPHABOW ENERGY LTD.,ALPHABOW ENERGY LTD.,04-09-055-18W5M,Issued      ,"Oct 12, 1978","Oct 24, 1978",,"Nov 10, 1978","Sep 24, 1980",CR-OIL PUMP,,"Aug 1, 2023",,N 253.3 E 287.2,53.73248,-116.622921,53.73248,-116.622921,,COMMINGLED POOL 005,NO
100 / 12-09-055-18 W5 / 0,,0067186,"Dec 1, 1977",,SOC PINE CK 12-9-55-18              ,ALPHABOW ENERGY LTD.,ALPHABOW ENERGY LTD.,12-09-055-18W5M,Suspension  ,"Jul 31, 2013","Jan 11, 1978",,"Feb 9, 1978","Mar 9, 1978",CR-OIL SUSP,,"Jul 1, 2012",,S 483.1 E 283.5,53.74032,-116.622965,53.74032,-116.622965,,COMMINGLED POOL 005,NO
100 / 07-15-055-18 W5 / 0,,0034041,"Apr 26, 1968",,SOC PINE CK 7-15-55-18              ,ALPHABOW ENERGY LTD.,ALPHABOW ENERGY LTD.,07-15-055-18W5M,Suspension  ,"Sep 26, 2006","Jun 18, 1968",,"Sep 13, 1968","Feb 4, 1982",GAS SUSP,,"Sep 1, 2004",,N 490.1 W 531.6,53.749252,-116.586104,53.749252,-116.586104,42.07,ELKTON A,NO
100 / 07-15-055-18 W5 / 2,,0034041,"Apr 26, 1968",,SOC PINE CK 7-15-55-18              ,ALPHABOW ENERGY LTD.,,07-15-055-18W5M,Suspension  ,"Sep 26, 2006","Jun 18, 1968",,"Sep 13, 1968",,DRL&C,,,,N 490.1 W 531.6,53.749252,-116.586104,53.749252,-116.586104,,,NO
100 / 02-17-055-18 W5 / 0,,0084225,"Jul 16, 1980",,SOC PINE CK 2-17-55-18              ,ALPHABOW ENERGY LTD.,ALPHABOW ENERGY LTD.,02-17-055-18W5M,Issued      ,"Jul 16, 1980","Jul 25, 1980",,"Sep 11, 1980","Nov 20, 1980",CR-OIL PUMP,,"Aug 1, 2023",,N 373.3 W 490.1,53.748194,-116.634995,53.748194,-116.634995,,COMMINGLED POOL 005,NO
100 / 02-17-055-18 W5 / 2,,0084225,"Jul 16, 1980",,SOC PINE CK 2-17-55-18              ,ALPHABOW ENERGY LTD.,ALPHABOW ENERGY LTD.,02-17-055-18W5M,Issued      ,"Jul 16, 1980","Jul 25, 1980",,"Sep 11, 1980","Dec 2, 1980",CR-OIL SUSP,,"Jan 1, 1995",,N 373.3 W 490.1,53.748194,-116.634995,53.748194,-116.634995,,COMMINGLED POOL 005,NO
100 / 07-18-055-18 W5 / 0,,0086941,"Nov 10, 1980",,SOC PINE CK 7-18-55-18              ,ALPHABOW ENERGY LTD.,,07-18-055-18W5M,Abandoned   ,"Aug 10, 2008","Nov 15, 1980",,"Dec 13, 1980","Mar 22, 1981",CR-OIL ABZONE,"Aug 10, 2008","Aug 1, 2007",,N 450.4 W 508.1,53.748863,-116.659986,53.748863,-116.659986,,COMMINGLED POOL 005,YES
100 / 07-18-055-18 W5 / 2,,0086941,"Nov 10, 1980",,SOC PINE CK 7-18-55-18              ,ALPHABOW ENERGY LTD.,,07-18-055-18W5M,Abandoned   ,"Aug 10, 2008","Nov 15, 1980",,"Dec 13, 1980","Mar 30, 1981",CR-OIL ABD,"Aug 10, 2008","Jan 1, 1995",,N 450.4 W 508.1,53.748863,-116.659986,53.748863,-116.659986,,COMMINGLED POOL 005,YES
100 / 16-18-055-18 W5 / 0,,0071462,"Aug 18, 1978",,SOC PINE CK 16-18-55-18             ,ALPHABOW ENERGY LTD.,ALPHABOW ENERGY LTD.,16-18-055-18W5M,Issued      ,"Aug 18, 1978","Sep 26, 1978",,"Oct 19, 1978","Jan 1, 1979",CR-OIL PUMP,,"Aug 1, 2023",,S 394 W 310.4,53.755753,-116.656989,53.755753,-116.656989,,COMMINGLED POOL 005,NO
100 / 16-18-055-18 W5 / 2,,0071462,"Aug 18, 1978",,SOC PINE CK 16-18-55-18             ,ALPHABOW ENERGY LTD.,,16-18-055-18W5M,Issued      ,"Aug 18, 1978","Sep 26, 1978",,"Oct 19, 1978","Oct 7, 1980",COMM,,"Aug 1, 1981",,S 394 W 310.4,53.755753,-116.656989,53.755753,-116.656989,,COMMINGLED POOL 005,NO
100 / 01-19-055-18 W5 / 0,,0090269,"May 22, 1981",,SOC PINE CK 1-19-55-18              ,ALPHABOW ENERGY LTD.,ALPHABOW ENERGY LTD.,01-19-055-18W5M,Suspension  ,"Dec 31, 2015","Aug 5, 1981",,"Aug 20, 1981","Sep 14, 1981",CR-OIL SUSP,,"Dec 1, 2014",,N 289.3 W 379.9,53.761895,-116.658048,53.761895,-116.658048,,COMMINGLED POOL 005,NO
100 / 05-19-055-18 W5 / 0,,0397251,"Jun 5, 2008",,SOC PINE CK 5-19-55-18              ,ALPHABOW ENERGY LTD.,ALPHABOW ENERGY LTD.,05-19-055-18W5M,Issued      ,"Jun 5, 2008","Jul 1, 2008","Jul 9, 2008","Jul 7, 2008","Oct 1, 2008",CR-OIL FLOW,,"Feb 1, 2023",,N 410.1 E 398.8,53.762969,-116.670693,53.762916,-116.670767,,COMMINGLED POOL 005,NO
100 / 12-19-055-18 W5 / 0,,0090267,"May 22, 1981",,SOC PINE CK 12-19-55-18             ,ALPHABOW ENERGY LTD.,ALPHABOW ENERGY LTD.,12-19-055-18W5M,Issued      ,"May 22, 1981","Jul 5, 1981",,"Jul 22, 1981","Sep 25, 1981",CR-OIL SUSP,,"Jan 1, 2018",,S 406.3 E 396.4,53.770101,-116.670711,53.770101,-116.670711,,COMMINGLED POOL 005,NO
100 / 04-30-055-18 W5 / 0,,0088026,"Jan 6, 1981",,SOC PINE CK 4-30-55-18              ,ALPHABOW ENERGY LTD.,,04-30-055-18W5M,Suspension  ,"Sep 27, 2006","Jan 25, 1981",,"Feb 9, 1981","Aug 1, 1981",CR-OIL ABZONE,,"Jul 1, 2003",,N 384.2 E 316.8,53.777388,-116.671918,53.777388,-116.671918,,COMMINGLED POOL 005,NO
100 / 12-30-055-18 W5 / 0,,0090268,"May 22, 1981",,SOC PINE CK 12-30-55-18             ,ALPHABOW ENERGY LTD.,ALPHABOW ENERGY LTD.,12-30-055-18W5M,Issued      ,"May 22, 1981","Jun 15, 1981",,"Jul 1, 1981","Oct 1, 1981",CR-OIL PUMP,,"Aug 1, 2023",,S 563.6 E 240.2,53.783317,-116.673085,53.783317,-116.673085,,COMMINGLED POOL 005,NO
100 / 04-21-055-19 W5 / 0,,0280424,"Jan 10, 2003",,SOC PINE CK 4-21-55-19              ,ALPHABOW ENERGY LTD.,ALPHABOW ENERGY LTD.,04-21-055-19W5M,Issued      ,"Jan 10, 2003","Feb 15, 2003","Mar 7, 2003","Mar 2, 2003","Nov 1, 2003",GAS PUMP,,"Aug 1, 2023",,N 395.2 E 359.9,53.762795,-116.770386,53.762795,-116.770386,0,COMMINGLED POOL 015,NO
100 / 04-21-055-19 W5 / 2,,0280424,"Jan 10, 2003",,SOC PINE CK 4-21-55-19              ,ALPHABOW ENERGY LTD.,,04-21-055-19W5M,Issued      ,"Jan 10, 2003","Feb 15, 2003","Mar 7, 2003","Mar 2, 2003",,DRL&C,,,,N 395.2 E 359.9,53.762795,-116.770386,53.762795,-116.770386,0,,NO
100 / 12-21-055-19 W5 / 0,,0214686,"Apr 20, 1998",,SOC PINE CK 12-21-55-19             ,ALPHABOW ENERGY LTD.,ALPHABOW ENERGY LTD.,12-21-055-19W5M,Issued      ,"Apr 20, 1998","May 12, 1998","Jun 1, 1998","May 27, 1998","Feb 7, 2000",GAS FLOW,,"Aug 1, 2023",,S 420 E 360,53.769931,-116.770376,53.769931,-116.770376,,COMMINGLED MFP9531,NO
100 / 11-22-055-19 W5 / 0,,0124020,"Sep 25, 1986",,SOC PINE CK 11-22-55-19             ,ALPHABOW ENERGY LTD.,,11-22-055-19W5M,Issued      ,"Sep 25, 1986","Oct 19, 1986","Dec 20, 1986","Dec 14, 1986","Nov 4, 1989",CR-OIL SUSP,,"Jul 1, 2001",,S 509.2 E 475.6,53.769151,-116.743861,53.769151,-116.743861,0,CARDIUM BB,NO
100 / 11-22-055-19 W5 / 2,,0124020,"Sep 25, 1986",,SOC PINE CK 11-22-55-19             ,ALPHABOW ENERGY LTD.,ALPHABOW ENERGY LTD.,11-22-055-19W5M,Issued      ,"Sep 25, 1986","Oct 19, 1986","Dec 20, 1986","Dec 14, 1986","Nov 14, 1989",GAS PUMP,,"Sep 1, 2023",,S 509.2 E 475.6,53.769151,-116.743861,53.769151,-116.743861,0,GETHING P,NO
100 / 04-28-055-19 W5 / 0,,0438263,"Oct 31, 2011",,SOC PINE CK 4-28-55-19              ,ALPHABOW ENERGY LTD.,TOURMALINE OIL CORP.,13-28-055-19W5M,Issued      ,"Oct 31, 2011","Jan 4, 2012","Jan 26, 2012","Jan 22, 2012","Mar 15, 2012",GAS PUMP,,"Jun 1, 2023",,S 10 E 94.2,53.788257,-116.774398,53.77542,-116.773132,,COMMINGLED MFP9531,NO
100 / 07-28-055-19 W5 / 0,,0390785,"Jan 4, 2008",,SOC PINE CK 7-28-55-19              ,ALPHABOW ENERGY LTD.,ALPHABOW ENERGY LTD.,07-28-055-19W5M,Amended     ,"Jan 7, 2008","Jan 24, 2008","Feb 13, 2008","Feb 13, 2008","Apr 11, 2008",GAS FLOW,,"Aug 1, 2023",,N 499.9 W 637.5,53.77838,-116.761029,53.77838,-116.761029,,GETHING U,NO
100 / 07-28-055-19 W5 / 2,,0390785,"Jan 4, 2008",,SOC PINE CK 7-28-55-19              ,ALPHABOW ENERGY LTD.,,07-28-055-19W5M,Amended     ,"Jan 7, 2008","Jan 24, 2008","Feb 13, 2008","Feb 13, 2008",,DRL&C,,,,N 499.9 W 637.5,53.77838,-116.761029,53.77838,-116.761029,,,NO
100 / 07-28-055-19 W5 / 3,,0390785,"Jan 4, 2008",,SOC PINE CK 7-28-55-19              ,ALPHABOW ENERGY LTD.,,07-28-055-19W5M,Amended     ,"Jan 7, 2008","Jan 24, 2008","Feb 13, 2008","Feb 13, 2008",,DRL&C,,,,N 499.9 W 637.5,53.77838,-116.761029,53.77838,-116.761029,,,NO
100 / 07-28-055-19 W5 / 4,,0390785,"Jan 4, 2008",,SOC PINE CK 7-28-55-19              ,ALPHABOW ENERGY LTD.,,07-28-055-19W5M,Amended     ,"Jan 7, 2008","Jan 24, 2008","Feb 13, 2008","Feb 13, 2008",,DRL&C,,,,N 499.9 W 637.5,53.77838,-116.761029,53.77838,-116.761029,,,NO
100 / 15-35-055-19 W5 / 0,,0073213,"Nov 28, 1978",,SOC PINE CK 15-35-55-19             ,ALPHABOW ENERGY LTD.,,15-35-055-19W5M,Abandoned   ,"Dec 1, 2006","Dec 13, 1978",,"Jan 11, 1979","Mar 12, 1979",CR-OIL ABD,"Dec 1, 2006","Jul 1, 1996",,S 309.3 W 769.7,53.800066,-116.713477,53.800066,-116.713477,,COMMINGLED POOL 005,YES
100 / 15-35-055-19 W5 / 2,,0073213,"Nov 28, 1978",,SOC PINE CK 15-35-55-19             ,ALPHABOW ENERGY LTD.,,15-35-055-19W5M,Abandoned   ,"Dec 1, 2006","Dec 13, 1978",,"Jan 11, 1979","Mar 12, 1979",COMM,"Dec 1, 2006","Dec 1, 1981",,S 309.3 W 769.7,53.800066,-116.713477,53.800066,-116.713477,,COMMINGLED POOL 005,YES
100 / 04-36-055-19 W5 / 0,,0054555,"Aug 8, 1975",,SOC PINE CK 4-36-55-19              ,ALPHABOW ENERGY LTD.,ALPHABOW ENERGY LTD.,04-36-055-19W5M,Suspension  ,"Apr 16, 2015","Aug 16, 1975",,"Nov 10, 1975","Jun 10, 1977",CR-OIL SUSP,,"May 1, 2014",,N 328.9 E 358.7,53.79134,-116.696041,53.79134,-116.696041,,COMMINGLED POOL 005,NO
100 / 04-36-055-19 W5 / 2,,0054555,"Aug 8, 1975",,SOC PINE CK 4-36-55-19              ,ALPHABOW ENERGY LTD.,,04-36-055-19W5M,Suspension  ,"Apr 16, 2015","Aug 16, 1975",,"Nov 10, 1975","Jun 10, 1977",COMM,,"Dec 1, 1981",,N 328.9 E 358.7,53.79134,-116.696041,53.79134,-116.696041,,COMMINGLED POOL 005,NO
100 / 12-02-056-19 W5 / 0,,0082576,"May 5, 1980",,SOC PINE CK 12-2-56-19              ,ALPHABOW ENERGY LTD.,ALPHABOW ENERGY LTD.,12-02-056-19W5M,Suspension  ,"Oct 31, 2010","May 8, 1980",,"May 29, 1980","Sep 8, 1980",CR-OIL SUSP,,"Oct 1, 2009",,S 521.4 E 279,53.812807,-116.721995,53.812807,-116.721995,,SECOND WHITE SPECKS A,NO
100 / 12-02-056-19 W5 / 2,,0082576,"May 5, 1980",,SOC PINE CK 12-2-56-19              ,ALPHABOW ENERGY LTD.,ALPHABOW ENERGY LTD.,12-02-056-19W5M,Suspension  ,"Oct 31, 2010","May 8, 1980",,"May 29, 1980","Oct 29, 1980",CR-OIL SUSP,,"Dec 1, 2008",,S 521.4 E 279,53.812807,-116.721995,53.812807,-116.721995,,COMMINGLED POOL 005,NO
100 / 08-03-056-19 W5 / 0,,0081600,"Mar 11, 1980",,SOC PINE CK 8-3-56-19               ,ALPHABOW ENERGY LTD.,,08-03-056-19W5M,Abandoned   ,"Sep 29, 1995","Apr 3, 1980",,"Apr 28, 1980","Jun 25, 1980",CR-OIL ABZONE,"Sep 29, 1995","Jan 1, 1995",,N 408.4 W 239.9,53.806697,-116.730188,53.806697,-116.730188,,COMMINGLED POOL 005,NO
100 / 08-03-056-19 W5 / 2,,0081600,"Mar 11, 1980",,SOC PINE CK 8-3-56-19               ,ALPHABOW ENERGY LTD.,,08-03-056-19W5M,Abandoned   ,"Sep 29, 1995","Apr 3, 1980",,"Apr 28, 1980","Jun 17, 1980",CR-OIL ABD,"Sep 29, 1995","Feb 1, 1982",,N 408.4 W 239.9,53.806697,-116.730188,53.806697,-116.730188,,COMMINGLED POOL 005,NO
100 / 11-06-056-19 W5 / 2,,0311069,"Jun 30, 2004",,SOC PINE CK 11-6-56-19              ,ALPHABOW ENERGY LTD.,,11-06-056-19W5M,Suspension  ,"Dec 11, 2006",,,,,,,,,S 450.1 E 449.4,53.813384,-116.818527,53.813384,-116.818527,,,NO
100 / 07-07-056-19 W5 / 0,,0124770,"Dec 3, 1986",,SOC PINE CK 7-7-56-19               ,ALPHABOW ENERGY LTD.,,07-07-056-19W5M,Suspension  ,"Dec 14, 2006","Dec 11, 1986","Jan 8, 1987","Dec 29, 1986","Mar 13, 1987",CR-OIL ABZONE,,"Dec 1, 2002",,N 500.5 W 501.4,53.821939,-116.808543,53.821939,-116.808543,,CARDIUM Q,NO
100 / 07-07-056-19 W5 / 2,,0124770,"Dec 3, 1986",,SOC PINE CK 7-7-56-19               ,ALPHABOW ENERGY LTD.,,07-07-056-19W5M,Suspension  ,"Dec 14, 2006","Dec 11, 1986","Jan 8, 1987","Dec 29, 1986",,DRL&C,,,,N 500.5 W 501.4,53.821939,-116.808543,53.821939,-116.808543,,,NO
102 / 09-09-056-19 W5 / 0,,0091374,"Jul 21, 1981",,SOC PINE CK 9-9-56-19               ,ALPHABOW ENERGY LTD.,,09-09-056-19W5M,Abandoned   ,"Sep 29, 1995","Aug 18, 1981",,"Sep 2, 1981","Dec 2, 1981",CR-OIL ABD,"Sep 29, 1995","Sep 1, 1995",,S 444.3 W 398.4,53.827937,-116.757342,53.827937,-116.757342,,COMMINGLED POOL 005,NO
102 / 09-09-056-19 W5 / 2,,0091374,"Jul 21, 1981",,SOC PINE CK 9-9-56-19               ,ALPHABOW ENERGY LTD.,,09-09-056-19W5M,Abandoned   ,"Sep 29, 1995","Aug 18, 1981",,"Sep 2, 1981","Dec 2, 1981",COMM,"Sep 29, 1995","Mar 1, 1982",,S 444.3 W 398.4,53.827937,-116.757342,53.827937,-116.757342,,COMMINGLED POOL 005,NO
100 / 07-10-056-19 W5 / 0,,0044292,"Nov 23, 1972",,SOC PINE CK 7-10-56-19              ,ALPHABOW ENERGY LTD.,ALPHABOW ENERGY LTD.,07-10-056-19W5M,Issued      ,"Nov 23, 1972","Nov 27, 1972",,"Jan 6, 1973","Mar 18, 1973",CR-OIL PUMP,,"Aug 1, 2023",,N 474.9 W 523.6,53.821762,-116.734494,53.821762,-116.734494,,SECOND WHITE SPECKS A,NO
100 / 16-10-056-19 W5 / 0,,0430903,"Jan 28, 2011",,SOC PINE CK 16-10-56-19             ,ALPHABOW ENERGY LTD.,,16-10-056-19W5M,Suspension  ,"Mar 22, 2012","Mar 7, 2011","Mar 22, 2011","Mar 17, 2011",,DRL&C,,,,S 283.6 W 60,53.829398,-116.727455,53.82844,-116.72991,,,NO
100 / 04-15-056-19 W5 / 0,,0092507,"Oct 1, 1981",,SOC PINE CK 4-15-56-19              ,ALPHABOW ENERGY LTD.,ALPHABOW ENERGY LTD.,04-15-056-19W5M,Suspension  ,"Oct 31, 2013","Oct 11, 1981",,"Oct 27, 1981","Feb 17, 1982",CR-OIL SUSP,,"Apr 1, 1988",,N 338.9 E 340.4,53.835167,-116.745807,53.835167,-116.745807,,SECOND WHITE SPECKS A,NO
100 / 04-15-056-19 W5 / 2,,0092507,"Oct 1, 1981",,SOC PINE CK 4-15-56-19              ,ALPHABOW ENERGY LTD.,ALPHABOW ENERGY LTD.,04-15-056-19W5M,Suspension  ,"Oct 31, 2013","Oct 11, 1981",,"Oct 27, 1981","Feb 14, 1982",CR-OIL SUSP,,"Oct 1, 2012",,N 338.9 E 340.4,53.835167,-116.745807,53.835167,-116.745807,,COMMINGLED POOL 005,NO
100 / 16-16-056-19 W5 / 0,,0053638,"May 26, 1975",,SOC PINE CK 16-16-56-19             ,ALPHABOW ENERGY LTD.,ALPHABOW ENERGY LTD.,16-16-056-19W5M,Suspension  ,"Jul 31, 2014","Jun 21, 1975",,"Jul 19, 1975","Aug 25, 1975",CR-OIL SUSP,,"Jul 1, 2013",,S 380.4 W 260,53.843146,-116.755237,53.843146,-116.755237,,SECOND WHITE SPECKS A,NO
100 / 09-17-056-19 W5 / 0,,0082258,"Apr 21, 1980",,SOC PINE CK 9-17-56-19              ,ALPHABOW ENERGY LTD.,,09-17-056-19W5M,Abandoned   ,"Feb 24, 2001","Apr 29, 1980",,"May 20, 1980","Sep 29, 1980",CR-OIL ABD,"Feb 24, 2001","Apr 1, 1995",,S 449.7 W 354.2,53.842516,-116.7815,53.842516,-116.7815,,COMMINGLED POOL 005,NO
100 / 09-17-056-19 W5 / 2,,0082258,"Apr 21, 1980",,SOC PINE CK 9-17-56-19              ,ALPHABOW ENERGY LTD.,,09-17-056-19W5M,Abandoned   ,"Feb 24, 2001","Apr 29, 1980",,"May 20, 1980","Oct 1, 1980",COMM,"Feb 24, 2001","Mar 1, 1981",,S 449.7 W 354.2,53.842516,-116.7815,53.842516,-116.7815,,COMMINGLED POOL 005,NO
100 / 09-20-056-19 W5 / 0,,0081814,"Mar 21, 1980",,SOC PINE CK 9-20-56-19              ,ALPHABOW ENERGY LTD.,ALPHABOW ENERGY LTD.,09-20-056-19W5M,Suspension  ,"Dec 12, 2006","Mar 24, 1980",,"Apr 17, 1980","Jul 4, 1980",CR-OIL SUSP,,"Dec 1, 1987",,S 409 W 288.7,53.857345,-116.780508,53.857345,-116.780508,,SECOND WHITE SPECKS A,NO
100 / 09-20-056-19 W5 / 2,,0081814,"Mar 21, 1980",,SOC PINE CK 9-20-56-19              ,ALPHABOW ENERGY LTD.,ALPHABOW ENERGY LTD.,09-20-056-19W5M,Suspension  ,"Dec 12, 2006","Mar 24, 1980",,"Apr 17, 1980","Jul 2, 1980",CR-OIL SUSP,,"Sep 1, 1992",,S 409 W 288.7,53.857345,-116.780508,53.857345,-116.780508,,COMMINGLED POOL 005,NO
100 / 06-21-056-19 W5 / 0,,0097328,"Sep 9, 1982",,SOC PINE CK 6-21-56-19              ,ALPHABOW ENERGY LTD.,ALPHABOW ENERGY LTD.,06-21-056-19W5M,Suspension  ,"Jul 31, 2013","Sep 17, 1982",,"Oct 6, 1982","Oct 31, 1982",CR-OIL SUSP,,"Jul 1, 2012","Feb 1, 1986",N 504.4 E 516.4,53.851096,-116.767961,53.851096,-116.767961,,SECOND WHITE SPECKS A,NO
100 / 15-21-056-19 W5 / 2,,0226409,"Sep 16, 1999",,SOC PINE CK 15-21-56-19             ,ALPHABOW ENERGY LTD.,ALPHABOW ENERGY LTD.,15-21-056-19W5M,Issued      ,"Sep 16, 1999","Sep 10, 1999","Sep 27, 1999","Sep 11, 1999","Jan 15, 2000",CR-OIL PUMP,,"Jul 1, 2020",,S 334.1 W 437.1,53.858013,-116.757931,53.858013,-116.757931,,COMMINGLED POOL 005,NO
100 / 06-28-056-19 W5 / 0,,0055896,"Nov 21, 1975",,SOC PINE CK 6-28-56-19              ,ALPHABOW ENERGY LTD.,ALPHABOW ENERGY LTD.,06-28-056-19W5M,Suspension  ,"Oct 31, 2010","Nov 24, 1975",,"Dec 20, 1975","Feb 17, 1976",CR-OIL SUSP,,"Oct 1, 2009",,N 498 E 498,53.865674,-116.768236,53.865674,-116.768236,,COMMINGLED POOL 005,NO
100 / 12-28-056-19 W5 / 0,,0397215,"Jun 4, 2008",,SOC PINE CK 12-28-56-19             ,ALPHABOW ENERGY LTD.,,09-29-056-19W5M,Suspension  ,"Jun 29, 2009","Jun 19, 2008","Jun 29, 2008","Jun 27, 2008",,DRL&C,,,,S 420.1 W 57.5,53.871898,-116.776989,53.871455,-116.773609,,,NO
100 / 02-29-056-19 W5 / 0,,0107872,"Jun 26, 1984",,SOC PINE CK 2-29-56-19              ,ALPHABOW ENERGY LTD.,ALPHABOW ENERGY LTD.,02-29-056-19W5M,Suspension  ,"Dec 31, 2010","Jul 11, 1984","Aug 2, 1984","Jul 30, 1984","Sep 18, 1984",CR-OIL SUSP,,"Dec 1, 2009",,N 374.7 W 463.3,53.864575,-116.783163,53.864575,-116.783163,,SECOND WHITE SPECKS A,NO
100 / 07-29-056-19 W5 / 0,,0056693,"Jan 20, 1976",,SOC PINE CK 7-29-56-19              ,ALPHABOW ENERGY LTD.,ALPHABOW ENERGY LTD.,07-29-056-19W5M,Issued      ,"Jan 20, 1976","Feb 4, 1976",,"Feb 25, 1976","Mar 29, 1976",CR-OIL PUMP,,"Jun 1, 2023",,N 497.4 W 544.1,53.86568,-116.784392,53.86568,-116.784392,,COMMINGLED POOL 005,NO
100 / 15-29-056-19 W5 / 2,,0403529,"Nov 7, 2008",,SOC PINE CK 15-29-56-19             ,ALPHABOW ENERGY LTD.,,15-29-056-19W5M,Suspension  ,"Nov 20, 2009","Nov 18, 2008","Nov 20, 2008","Nov 20, 2008",,DRL&C,,,,S 360.2 W 734.1,53.872444,-116.787261,53.872444,-116.787261,,,NO
100 / 11-31-056-19 W5 / 0,,0085699,"Sep 17, 1980",,SOC PINE CK 11-31-56-19             ,ALPHABOW ENERGY LTD.,,11-31-056-19W5M,Issued      ,"Sep 17, 1980","Nov 30, 1980",,"Dec 27, 1980","Mar 1, 1981",COMM,,"Sep 1, 1999",,S 561.1 E 462.6,53.88508,-116.818301,53.88508,-116.818301,,COMMINGLED POOL 005,NO
100 / 11-31-056-19 W5 / 2,,0085699,"Sep 17, 1980",,SOC PINE CK 11-31-56-19             ,ALPHABOW ENERGY LTD.,ALPHABOW ENERGY LTD.,11-31-056-19W5M,Issued      ,"Sep 17, 1980","Nov 30, 1980",,"Dec 27, 1980","Mar 1, 1981",CR-OIL PUMP,,"Sep 1, 2023",,S 561.1 E 462.6,53.88508,-116.818301,53.88508,-116.818301,,COMMINGLED POOL 005,NO
100 / 16-31-056-19 W5 / 0,,0182230,"Nov 17, 1995",,SOC PINE CK 16-31-56-19             ,ALPHABOW ENERGY LTD.,,16-31-056-19W5M,Issued      ,"Nov 17, 1995","Dec 1, 1995","Jan 10, 1996","Jan 5, 1996",,ABZONE,,,,S 359.9 W 359.4,53.886897,-116.806346,53.886897,-116.806346,0,,NO
100 / 16-31-056-19 W5 / 2,,0182230,"Nov 17, 1995",,SOC PINE CK 16-31-56-19             ,ALPHABOW ENERGY LTD.,ALPHABOW ENERGY LTD.,16-31-056-19W5M,Issued      ,"Nov 17, 1995","Dec 1, 1995","Jan 10, 1996","Jan 5, 1996","Jan 12, 2000",CR-OIL PUMP,,"Jul 1, 2023",,S 359.9 W 359.4,53.886897,-116.806346,53.886897,-116.806346,0,COMMINGLED POOL 005,NO
102 / 01-32-056-19 W5 / 0,,0048227,"Dec 5, 1973",,SOC PINE CK 1-32-56-19              ,ALPHABOW ENERGY LTD.,WHITECAP RESOURCES INC.,01-32-056-19W5M,Suspension  ,"Jan 26, 2009","Jan 24, 1974",,"Feb 24, 1974","Apr 11, 1974",CR-OIL SUSP,,"Mar 1, 2008",,N 184.4 W 171.9,53.877327,-116.778734,53.877327,-116.778734,,COMMINGLED POOL 005,NO
100 / 12-32-056-19 W5 / 0,,0072851,"Nov 7, 1978",,SOC PINE CK 12-32-56-19             ,ALPHABOW ENERGY LTD.,,12-32-056-19W5M,Abandoned   ,"Jul 11, 2006","Nov 16, 1978",,"Dec 17, 1978","Jan 1, 1980",CR-OIL ABD,"Jul 10, 2006","Oct 1, 1992",,S 546.8 E 305,53.885223,-116.795932,53.885223,-116.795932,,COMMINGLED POOL 005,YES
100 / 10-12-056-20 W5 / 0,,0125744,"Feb 5, 1987",,SOC PINE CK 10-12-56-20             ,ALPHABOW ENERGY LTD.,ALPHABOW ENERGY LTD.,10-12-056-20W5M,Suspension  ,"Aug 31, 2010","Feb 15, 1987","Mar 11, 1987","Mar 8, 1987","Aug 1, 1987",CR-OIL SUSP,,"Aug 1, 2009",,S 500 W 500,53.827381,-116.833261,53.827381,-116.833261,,COMMINGLED POOL 002,NO
100 / 06-13-056-20 W5 / 0,,0127280,"Jul 9, 1987",,SOC PINE CK 6-13-56-20              ,ALPHABOW ENERGY LTD.,,06-13-056-20W5M,Suspension  ,"Sep 21, 2006","Jul 21, 1987","Aug 5, 1987","Aug 2, 1987","Oct 9, 1987",CR-OIL ABZONE,,"Aug 1, 1999",,N 450 E 449.9,53.836104,-116.843325,53.836104,-116.843325,,COMMINGLED POOL 002,NO
100 / 06-13-056-20 W5 / 2,,0127280,"Jul 9, 1987",,SOC PINE CK 6-13-56-20              ,ALPHABOW ENERGY LTD.,,06-13-056-20W5M,Suspension  ,"Sep 21, 2006","Jul 21, 1987","Aug 5, 1987","Aug 2, 1987",,DRL&C,,,,N 450 E 449.9,53.836104,-116.843325,53.836104,-116.843325,,,NO
100 / 09-14-056-20 W5 / 0,,0127300,"Jul 10, 1987",,SOC PINE CK 9-14-56-20              ,ALPHABOW ENERGY LTD.,WHITECAP RESOURCES INC.,09-14-056-20W5M,Suspension  ,"Dec 3, 2009","Aug 8, 1987","Aug 25, 1987","Aug 22, 1987","Oct 17, 1987",CR-OIL SUSP,,"Sep 1, 2008",,S 451 W 350.1,53.842477,-116.855788,53.842477,-116.855788,,COMMINGLED POOL 002,NO
100 / 09-14-056-20 W5 / 2,,0127300,"Jul 10, 1987",,SOC PINE CK 9-14-56-20              ,ALPHABOW ENERGY LTD.,,09-14-056-20W5M,Suspension  ,"Dec 3, 2009","Aug 8, 1987","Aug 25, 1987","Aug 22, 1987",,DRL&C,,,,S 451 W 350.1,53.842477,-116.855788,53.842477,-116.855788,,,NO
100 / 07-23-056-20 W5 / 0,,0085181,"Aug 25, 1980",,SOC PINE CK 7-23-56-20              ,ALPHABOW ENERGY LTD.,WHITECAP RESOURCES INC.,07-23-056-20W5M,Suspension  ,"Jun 30, 2010","Oct 15, 1980",,"Mar 2, 1981","Jun 15, 1982",CR-OIL SUSP,,"Sep 1, 1995",,N 486.5 W 596.8,53.850907,-116.859537,53.850907,-116.859537,4.62,COMMINGLED POOL 002,NO
100 / 07-23-056-20 W5 / 2,,0085181,"Aug 25, 1980",,SOC PINE CK 7-23-56-20              ,ALPHABOW ENERGY LTD.,ALPHABOW ENERGY LTD.,07-23-056-20W5M,Suspension  ,"Jun 30, 2010","Oct 15, 1980",,"Mar 2, 1981","Jul 1, 1993",CR-OIL SUSP,,"Jun 1, 2009",,N 486.5 W 596.8,53.850907,-116.859537,53.850907,-116.859537,,COMMINGLED POOL 002,NO
100 / 11-23-056-20 W5 / 0,,0127375,"Jul 15, 1987",,SOC PINE CK 11-23-56-20             ,ALPHABOW ENERGY LTD.,ALPHABOW ENERGY LTD.,11-23-056-20W5M,Suspension  ,"Sep 30, 2010","Aug 25, 1987","Sep 6, 1987","Sep 5, 1987","Oct 19, 1987",CR-OIL SUSP,,"Sep 1, 2009",,S 403.5 E 552.1,53.857387,-116.866583,53.857387,-116.866583,,COMMINGLED POOL 002,NO
100 / 06-26-056-20 W5 / 0,,0123576,"Aug 1, 1986",,SOC PINE CK 6-26-56-20              ,ALPHABOW ENERGY LTD.,ALPHABOW ENERGY LTD.,06-26-056-20W5M,Suspension  ,"Sep 21, 2006","Aug 10, 1986","Sep 3, 1986","Aug 28, 1986","Dec 1, 1986",CR-OIL SUSP,,"Oct 1, 2003",,N 500 E 500,53.865691,-116.867362,53.865691,-116.867362,,COMMINGLED POOL 002,NO
100 / 07-27-056-20 W5 / 0,,0127395,"Jul 16, 1987",,SOC PINE CK 7-27-56-20              ,ALPHABOW ENERGY LTD.,,07-27-056-20W5M,Suspension  ,"Sep 21, 2006","Jul 24, 1987","Aug 5, 1987","Aug 2, 1987","Nov 1, 1987",CR-OIL ABZONE,,"Apr 1, 1998",,N 444.3 W 555.6,53.865195,-116.883724,53.865195,-116.883724,,COMMINGLED POOL 002,NO
100 / 14-27-056-20 W5 / 0,,0111163,"Nov 29, 1984",,SOC PINE CK 14-27-56-20             ,ALPHABOW ENERGY LTD.,,14-27-056-20W5M,Suspension  ,"Sep 30, 2010","Dec 4, 1984","Dec 31, 1984","Dec 28, 1984","Dec 19, 1985",CR-OIL ABZONE,,"Oct 1, 1986",,S 355.3 E 539.5,53.872478,-116.891508,53.872478,-116.891508,,SECOND WHITE SPECKS J,NO
100 / 14-27-056-20 W5 / 2,,0111163,"Nov 29, 1984",,SOC PINE CK 14-27-56-20             ,ALPHABOW ENERGY LTD.,ALPHABOW ENERGY LTD.,14-27-056-20W5M,Suspension  ,"Sep 30, 2010","Dec 4, 1984","Dec 31, 1984","Dec 28, 1984","Dec 3, 1986",CR-OIL SUSP,,"Sep 1, 2009",,S 355.3 E 539.5,53.872478,-116.891508,53.872478,-116.891508,,COMMINGLED POOL 002,NO
100 / 14-27-056-20 W5 / 3,,0111163,"Nov 29, 1984",,SOC PINE CK 14-27-56-20             ,ALPHABOW ENERGY LTD.,,14-27-056-20W5M,Suspension  ,"Sep 30, 2010","Dec 4, 1984","Dec 31, 1984","Dec 28, 1984","Dec 3, 1986",COMM,,,,S 355.3 E 539.5,53.872478,-116.891508,53.872478,-116.891508,,COMMINGLED POOL 002,NO
100 / 01-01-057-20 W5 / 0,,0086316,"Oct 15, 1980",,SOC PINE CK 1-1-57-20               ,ALPHABOW ENERGY LTD.,ALPHABOW ENERGY LTD.,01-01-057-20W5M,Issued      ,"Oct 15, 1980","Oct 20, 1980",,"Nov 23, 1980","Feb 26, 1981",CR-OIL PUMP,,"Nov 1, 2022",,N 221.4 W 163,53.892292,-116.828122,53.89228,-116.828755,,COMMINGLED POOL 005,NO
100 / 01-01-057-20 W5 / 2,,0086316,"Oct 15, 1980",,SOC PINE CK 1-1-57-20               ,ALPHABOW ENERGY LTD.,,01-01-057-20W5M,Issued      ,"Oct 15, 1980","Oct 20, 1980",,"Nov 23, 1980","Feb 17, 1981",COMM,,"Nov 1, 1983",,N 221.4 W 163,53.892292,-116.828122,53.89228,-116.828755,,COMMINGLED POOL 005,NO
100 / 11-01-057-20 W5 / 0,,0078876,"Oct 26, 1979",,SOC PINE CK 11-1-57-20              ,ALPHABOW ENERGY LTD.,ALPHABOW ENERGY LTD.,11-01-057-20W5M,Issued      ,"Oct 26, 1979","Nov 10, 1979",,"Dec 21, 1979","Apr 9, 1980",CR-OIL PUMP,,"Jul 1, 2023",,S 693.8 E 724.1,53.898525,-116.839107,53.898525,-116.839107,,COMMINGLED POOL 005,NO
100 / 01-02-057-20 W5 / 0,,0089639,"Mar 23, 1981",,SOC PINE CK 1-2-57-20               ,ALPHABOW ENERGY LTD.,ALPHABOW ENERGY LTD.,01-02-057-20W5M,Issued      ,"Mar 23, 1981","Mar 29, 1981",,"Apr 18, 1981","May 13, 1981",CR-OIL PUMP,,"Jul 1, 2023",,N 338.6 W 390.2,53.893357,-116.856377,53.893357,-116.856377,,COMMINGLED POOL 005,NO
100 / 10-08-057-20 W5 / 0,,0131755,"Jan 28, 1988",,SOC PINE CK 10-8-57-20              ,ALPHABOW ENERGY LTD.,ALPHABOW ENERGY LTD.,10-08-057-20W5M,Suspension  ,"Jun 16, 2017","Feb 16, 1988","Mar 9, 1988","Mar 6, 1988","Mar 2, 1989",CR-OIL SUSP,,"Oct 1, 2015",,S 479.9 W 450.7,53.914907,-116.931669,53.914907,-116.931669,,CARDIUM V,NO
100 / 01-11-057-20 W5 / 0,,0091869,"Aug 25, 1981",,SOC PINE CK 1-11-57-20              ,ALPHABOW ENERGY LTD.,,01-11-057-20W5M,Issued      ,"Aug 25, 1981","Sep 13, 1981",,"Sep 29, 1981","Jan 7, 1982",CR-OIL ABZONE,,"Sep 1, 1995",,N 358.2 W 368.7,53.907987,-116.856047,53.907987,-116.856047,,COMMINGLED POOL 005,NO
100 / 01-11-057-20 W5 / 2,,0091869,"Aug 25, 1981",,SOC PINE CK 1-11-57-20              ,ALPHABOW ENERGY LTD.,,01-11-057-20W5M,Issued      ,"Aug 25, 1981","Sep 13, 1981",,"Sep 29, 1981","Dec 16, 1981",COMM,,"Feb 1, 1982",,N 358.2 W 368.7,53.907987,-116.856047,53.907987,-116.856047,,COMMINGLED POOL 005,NO
100 / 01-11-057-20 W5 / 3,,0091869,"Aug 25, 1981",,SOC PINE CK 1-11-57-20              ,ALPHABOW ENERGY LTD.,ALPHABOW ENERGY LTD.,01-11-057-20W5M,Issued      ,"Aug 25, 1981","Sep 13, 1981","Oct 19, 1995","Oct 15, 1995","Feb 16, 1996",CR-OIL PUMP,,"Jul 1, 2023",,N 358.2 W 368.7,53.907987,-116.856047,53.907987,-116.856047,,COMMINGLED POOL 005,NO
100 / 01-11-057-20 W5 / 4,,0091869,"Aug 25, 1981",,SOC PINE CK 1-11-57-20              ,ALPHABOW ENERGY LTD.,,01-11-057-20W5M,Issued      ,"Aug 25, 1981","Sep 13, 1981","Oct 19, 1995","Oct 15, 1995","Jan 4, 2000",COMM,,"Dec 1, 2001",,N 358.2 W 368.7,53.907987,-116.856047,53.907987,-116.856047,,COMMINGLED POOL 005,NO
100 / 13-14-057-20 W5 / 0,,0415311,"Dec 7, 2009",,SOC PINE CK 13-14-57-20             ,ALPHABOW ENERGY LTD.,ALPHABOW ENERGY LTD.,13-11-057-20W5M,Issued      ,"Dec 7, 2009","Jan 7, 2010","Jan 29, 2010","Jan 29, 2010","Mar 23, 2010",CR-OIL FLOW,,"Sep 1, 2023",,S 80.8 E 264.3,53.9185,-116.870902,53.930273,-116.871512,,CARDIUM KK,NO
100 / 03-22-057-20 W5 / 0,,0371515,"Jan 10, 2007",,SOC PINE CK 3-22-57-20              ,ALPHABOW ENERGY LTD.,,03-22-057-20W5M,Issued      ,"Jan 10, 2007","Jan 19, 2007","Feb 10, 2007","Feb 5, 2007",,ABZONE,,,,N 381.4 E 565.2,53.937287,-116.891116,53.937287,-116.891116,0,,NO
100 / 03-22-057-20 W5 / 2,,0371515,"Jan 10, 2007",,SOC PINE CK 3-22-57-20              ,ALPHABOW ENERGY LTD.,ALPHABOW ENERGY LTD.,03-22-057-20W5M,Issued      ,"Jan 10, 2007","Jan 19, 2007","Feb 10, 2007","Feb 5, 2007","Oct 1, 2008",CR-OIL PUMP,,"Apr 1, 2020",,N 381.4 E 565.2,53.937287,-116.891116,53.937287,-116.891116,0,CARDIUM KK,NO
100 / 08-22-057-20 W5 / 0,,0408609,"Jan 27, 2009",,SOC PINE CK 8-22-57-20              ,ALPHABOW ENERGY LTD.,ALPHABOW ENERGY LTD.,02-22-057-20W5M,Issued      ,"Jan 27, 2009","Feb 15, 2009","Mar 4, 2009","Mar 2, 2009","Apr 2, 2009",CR-OIL PUMP,,"Apr 1, 2020",,N 59.7 W 689.4,53.9344,-116.885706,53.939062,-116.87871,,CARDIUM KK,NO
100 / 13-22-057-20 W5 / 0,,0411840,"Aug 14, 2009",,SOC PINE CK 13-22-57-20             ,ALPHABOW ENERGY LTD.,ALPHABOW ENERGY LTD.,11-22-057-20W5M,Suspension  ,"Dec 31, 2013","Sep 26, 2009","Oct 15, 2009","Oct 15, 2009","Jan 13, 2010",CR-OIL SUSP,,"Dec 1, 2012",,S 743.4 E 627.7,53.941651,-116.890165,53.946388,-116.896517,,CARDIUM KK,NO
100 / 03-27-057-20 W5 / 0,,0414208,"Nov 19, 2009",,SOC PINE CK 3-27-57-20              ,ALPHABOW ENERGY LTD.,ALPHABOW ENERGY LTD.,04-34-057-20W5M,Issued      ,"Nov 19, 2009","Jan 8, 2010","Feb 3, 2010","Feb 3, 2010","Apr 1, 2010",CR-OIL SUSP,,"Aug 1, 2016",,N 54.8 E 146.6,53.96345,-116.897479,53.950406,-116.891106,,CARDIUM KK,NO
100 / 01-28-057-20 W5 / 0,,0414207,"Nov 19, 2009",,SOC PINE CK 1-28-57-20              ,ALPHABOW ENERGY LTD.,ALPHABOW ENERGY LTD.,01-33-057-20W5M,Issued      ,"Nov 19, 2009","Dec 4, 2009","Dec 29, 2009","Dec 29, 2009","Mar 25, 2010",CR-OIL SUSP,,"Apr 1, 2017",,N 35.9 W 277.7,53.96328,-116.904241,53.950769,-116.903299,,CARDIUM KK,NO
100 / 13-33-057-20 W5 / 0,,0418070,"Jan 29, 2010",,SOC KAYBOBS 13-33-57-20             ,ALPHABOW ENERGY LTD.,ALPHABOW ENERGY LTD.,03-33-057-20W5M,Issued      ,"Jan 29, 2010","Feb 23, 2010","Mar 17, 2010","Mar 14, 2010","Jul 19, 2010",CR-OIL SUSP,,"Oct 1, 2016",,N 48.5 E 661.5,53.963393,-116.914436,53.975427,-116.921285,,CARDIUM KK,NO
100 / 15-33-057-20 W5 / 0,,0414192,"Nov 19, 2009",,SOC KAYBOBS 15-33-57-20             ,ALPHABOW ENERGY LTD.,ALPHABOW ENERGY LTD.,01-33-057-20W5M,Issued      ,"Nov 19, 2009","Feb 12, 2010","Mar 6, 2010","Mar 6, 2010","Jul 19, 2010",CR-OIL SUSP,,"Mar 1, 2016",,N 48.6 W 250.5,53.963394,-116.903827,53.974505,-116.908583,,CARDIUM KK,NO
,,,,,,,,,,,,,,,,,,,,,,,,,,
,,,,,,,,,,,,,,,,,,,,,,,,,,
